{"mean":{"confidence_interval":{"confidence_level":0.95,"lower_bound":22783744.54558334,"upper_bound":22827239.993333336},"point_estimate":22805232.500000004,"standard_error":11061.095538761776},"median":{"confidence_interval":{"confidence_level":0.95,"lower_bound":22774236.0,"upper_bound":22824111.0},"point_estimate":22792805.666666664,"standard_error":12362.006430279958},"median_abs_dev":{"confidence_interval":{"confidence_level":0.95,"lower_bound":71041.2487387648,"upper_bound":111668.68871748447},"point_estimate":95854.04189825243,"standard_error":10616.864414724287},"slope":null,"std_dev":{"confidence_interval":{"confidence_level":0.95,"lower_bound":89392.94206058254,"upper_bound":130753.1657718109},"point_estimate":110969.5146362503,"standard_error":10568.460622569353}}