{"mean":{"confidence_interval":{"confidence_level":0.95,"lower_bound":83660861.67775,"upper_bound":84686245.96075},"point_estimate":84154216.25,"standard_error":261994.97223135977},"median":{"confidence_interval":{"confidence_level":0.95,"lower_bound":83278541.5,"upper_bound":84283583.0},"point_estimate":83618083.5,"standard_error":260711.53595242082},"median_abs_dev":{"confidence_interval":{"confidence_level":0.95,"lower_bound":1617578.099182248,"upper_bound":2527122.789734602},"point_estimate":2146866.2897855043,"standard_error":227512.60075023063},"slope":null,"std_dev":{"confidence_interval":{"confidence_level":0.95,"lower_bound":1968202.6127160022,"upper_bound":3310870.3164621964},"point_estimate":2627282.594172293,"standard_error":349941.36335116305}}