{"mean":{"confidence_interval":{"confidence_level":0.95,"lower_bound":87805641.71,"upper_bound":88006874.859},"point_estimate":87903290.44,"standard_error":51302.90086805805},"median":{"confidence_interval":{"confidence_level":0.95,"lower_bound":87784667.0,"upper_bound":87946125.0},"point_estimate":87850625.0,"standard_error":41251.35621599144},"median_abs_dev":{"confidence_interval":{"confidence_level":0.95,"lower_bound":260504.6761751175,"upper_bound":424641.8366611004},"point_estimate":324997.7750301361,"standard_error":40474.04562249578},"slope":null,"std_dev":{"confidence_interval":{"confidence_level":0.95,"lower_bound":385318.37053461233,"upper_bound":649160.6183016674},"point_estimate":514266.2241194214,"standard_error":68166.37566229924}}