{"mean":{"confidence_interval":{"confidence_level":0.95,"lower_bound":81448508.4,"upper_bound":81797092.9},"point_estimate":81615664.62,"standard_error":89007.04116379887},"median":{"confidence_interval":{"confidence_level":0.95,"lower_bound":81195229.5,"upper_bound":81515583.5},"point_estimate":81361750.0,"standard_error":95468.8083994196},"median_abs_dev":{"confidence_interval":{"confidence_level":0.95,"lower_bound":497135.04497408867,"upper_bound":972091.8769419193},"point_estimate":727122.6245909929,"standard_error":124701.85859389658},"slope":null,"std_dev":{"confidence_interval":{"confidence_level":0.95,"lower_bound":735084.854877877,"upper_bound":1067586.5838394717},"point_estimate":901111.4347592053,"standard_error":85685.39834548971}}