{"mean":{"confidence_interval":{"confidence_level":0.95,"lower_bound":82557324.59,"upper_bound":83336844.62},"point_estimate":82938355.42,"standard_error":199339.63064145469},"median":{"confidence_interval":{"confidence_level":0.95,"lower_bound":82191625.0,"upper_bound":83003250.0},"point_estimate":82491145.5,"standard_error":214604.45940991805},"median_abs_dev":{"confidence_interval":{"confidence_level":0.95,"lower_bound":1273120.4581975937,"upper_bound":2157121.433803439},"point_estimate":1681700.548043847,"standard_error":225525.9406130667},"slope":null,"std_dev":{"confidence_interval":{"confidence_level":0.95,"lower_bound":1654971.0907120544,"upper_bound":2318511.428909989},"point_estimate":2007800.1450122306,"standard_error":170509.4931606162}}