{"mean":{"confidence_interval":{"confidence_level":0.95,"lower_bound":7616448.44857143,"upper_bound":7677212.910000005},"point_estimate":7646897.910000001,"standard_error":15405.471901803241},"median":{"confidence_interval":{"confidence_level":0.95,"lower_bound":7603357.142857143,"upper_bound":7711863.071428571},"point_estimate":7640544.714285715,"standard_error":31655.30908629582},"median_abs_dev":{"confidence_interval":{"confidence_level":0.95,"lower_bound":129410.00950251326,"upper_bound":196166.5090173483},"point_estimate":172246.34694201595,"standard_error":17017.232153652436},"slope":null,"std_dev":{"confidence_interval":{"confidence_level":0.95,"lower_bound":133730.53845509645,"upper_bound":173856.81966096166},"point_estimate":154718.3648770123,"standard_error":10252.439791445966}}