{"mean":{"confidence_interval":{"confidence_level":0.95,"lower_bound":4146353.317166667,"upper_bound":4161185.975},"point_estimate":4153594.9974999996,"standard_error":3784.2523589658754},"median":{"confidence_interval":{"confidence_level":0.95,"lower_bound":4134319.5,"upper_bound":4156711.8333333335},"point_estimate":4146878.458333333,"standard_error":6123.262140570174},"median_abs_dev":{"confidence_interval":{"confidence_level":0.95,"lower_bound":25551.62214636791,"upper_bound":46475.37024989678},"point_estimate":36017.35713556375,"standard_error":5682.574063807308},"slope":null,"std_dev":{"confidence_interval":{"confidence_level":0.95,"lower_bound":31964.68364260422,"upper_bound":43707.28297780113},"point_estimate":38097.05097565969,"standard_error":3015.964790322341}}