{"mean":{"confidence_interval":{"confidence_level":0.95,"lower_bound":41300.39332342752,"upper_bound":41553.1472194712},"point_estimate":41409.29221460276,"standard_error":65.49514721787617},"median":{"confidence_interval":{"confidence_level":0.95,"lower_bound":41269.828743961356,"upper_bound":41383.00915331808},"point_estimate":41316.56933788008,"standard_error":27.090603008776732},"median_abs_dev":{"confidence_interval":{"confidence_level":0.95,"lower_bound":49.104516889089595,"upper_bound":182.36327048704752},"point_estimate":91.42286626989578,"standard_error":35.85143160858631},"slope":{"confidence_interval":{"confidence_level":0.95,"lower_bound":41308.32041176907,"upper_bound":41564.33622139871},"point_estimate":41417.13924253901,"standard_error":65.84187767987578},"std_dev":{"confidence_interval":{"confidence_level":0.95,"lower_bound":79.43839301307213,"upper_bound":435.3530976506642},"point_estimate":300.9504612262015,"standard_error":96.15568023852913}}