{"mean":{"confidence_interval":{"confidence_level":0.95,"lower_bound":47541.42569094807,"upper_bound":49812.36154488248},"point_estimate":48558.258021028356,"standard_error":580.3071541339687},"median":{"confidence_interval":{"confidence_level":0.95,"lower_bound":46695.395646606914,"upper_bound":46870.147065390745},"point_estimate":46771.248579545456,"standard_error":48.955007265722855},"median_abs_dev":{"confidence_interval":{"confidence_level":0.95,"lower_bound":318.4116071044947,"upper_bound":681.4707597432691},"point_estimate":471.29667422995425,"standard_error":93.49575059702124},"slope":{"confidence_interval":{"confidence_level":0.95,"lower_bound":48406.23645208032,"upper_bound":53381.614792097535},"point_estimate":50727.00844915835,"standard_error":1276.6524376507232},"std_dev":{"confidence_interval":{"confidence_level":0.95,"lower_bound":2992.0930088702244,"upper_bound":8081.333258855914},"point_estimate":5814.470354105223,"standard_error":1299.4909803215435}}