{"mean":{"confidence_interval":{"confidence_level":0.95,"lower_bound":3830.326393243157,"upper_bound":3935.946835072118},"point_estimate":3874.5898202091043,"standard_error":27.59944510277306},"median":{"confidence_interval":{"confidence_level":0.95,"lower_bound":3799.6670559414747,"upper_bound":3815.3232973421927},"point_estimate":3806.608238918704,"standard_error":3.388997454568229},"median_abs_dev":{"confidence_interval":{"confidence_level":0.95,"lower_bound":26.585445938619465,"upper_bound":54.76136757004895},"point_estimate":40.12114151788043,"standard_error":7.459948949701235},"slope":{"confidence_interval":{"confidence_level":0.95,"lower_bound":3858.880577836276,"upper_bound":4125.049297456415},"point_estimate":3968.187852356912,"standard_error":70.6111560429521},"std_dev":{"confidence_interval":{"confidence_level":0.95,"lower_bound":92.17037159336223,"upper_bound":441.6371587020747},"point_estimate":277.9194051564978,"standard_error":102.7755429501737}}