{"mean":{"confidence_interval":{"confidence_level":0.95,"lower_bound":564.6024513418847,"upper_bound":569.0984885474936},"point_estimate":566.649551576547,"standard_error":1.1473528715842418},"median":{"confidence_interval":{"confidence_level":0.95,"lower_bound":562.1683348635463,"upper_bound":564.0694098302795},"point_estimate":563.1953284251421,"standard_error":0.485397674461542},"median_abs_dev":{"confidence_interval":{"confidence_level":0.95,"lower_bound":2.7076752493231404,"upper_bound":5.551310031266835},"point_estimate":4.0811342883813095,"standard_error":0.8018202938791691},"slope":{"confidence_interval":{"confidence_level":0.95,"lower_bound":562.7934972197681,"upper_bound":571.4746138213947},"point_estimate":566.5018205444026,"standard_error":2.259032350864619},"std_dev":{"confidence_interval":{"confidence_level":0.95,"lower_bound":6.777039095893754,"upper_bound":15.467012044991222},"point_estimate":11.418995623481704,"standard_error":2.222514735257945}}